LeastConnected: Average Queue Size Vs Load_x,5,10,15
LeastConnected: Average Queue Size Vs Load_y,5,5,5
LeastConnected: Average Queue Size Vs Load_x,5,10,15
LeastConnected: Average Queue Size Vs Load_y,5,4,4
LeastConnected: Average Queue Size Vs Load_x,5,10,15
LeastConnected: Average Queue Size Vs Load_y,4,4,4
LeastConnected: Average Queue Size Vs Load_x,5,10,15
LeastConnected: Average Queue Size Vs Load_y,4,4,4
LeastConnected: Average Queue Size Vs Load_x,5,10,15
LeastConnected: Average Queue Size Vs Load_y,3,3,3
